map,config,insts,cycles,CPI,cond_predicted,cond_incorrect,branch_miss_rate,MPKI,dcache_misses,dcache_accesses,dcache_miss_rate,l2cache_misses,l2cache_accesses,l2cache_miss_rate
maze2,baseline,1379032287,1343527275,0.9743,306217156,7618144,2.49,5.52,38012685,527834240,7.20,4211192,24650861,17.08
maze2,l1d_16kB,1384553639,1454746812,1.0507,316009787,7642638,2.42,5.52,58921472,529588665,11.13,4210074,37529766,11.22
maze2,l1d_32kB,1384553639,1392250857,1.0056,311318965,7643595,2.46,5.52,46079955,531000138,8.68,4212030,29428292,14.31
maze2,l1d_128kB,1384553639,1321024266,0.9541,305137367,7643009,2.50,5.52,31879422,530433987,6.01,4212660,20894609,20.16
maze2,l2_256kB,1384553639,2377567246,1.7172,309159471,7643219,2.47,5.52,38699999,526998917,7.34,15973910,24691233,64.69
maze2,l2_512kB,1384553639,2097447353,1.5149,308952220,7643130,2.47,5.52,38349846,528344734,7.26,12671835,24692471,51.32
maze2,l2_1MB,1384553639,1757911916,1.2697,308598783,7643417,2.48,5.52,38195394,529615852,7.21,8780155,24689995,35.56
maze2,l2_4MB,1373146029,1095633850,0.7979,305715135,7579201,2.48,5.52,38142605,528054561,7.22,1356016,24606618,5.51
maze2,line_128B,1370473914,1379255662,1.0064,305190221,7558323,2.48,5.52,34654339,528633156,6.56,3313339,21116515,15.69
maze4,baseline,733387791,465548670,0.6348,148024755,4710752,3.18,6.42,10533609,290697455,3.62,33209,6962478,0.48
maze4,l1d_16kB,733387791,513123913,0.6997,154339556,4708396,3.05,6.42,20310973,290729660,6.99,33207,12611983,0.26
maze4,l1d_32kB,733387791,485320459,0.6618,150931121,4710952,3.12,6.42,14464243,291005740,4.97,33242,9196435,0.36
maze4,l1d_128kB,733387791,451511364,0.6157,146634630,4710802,3.21,6.42,7280557,290761408,2.50,33190,5016147,0.66
maze4,l2_256kB,733387791,652116765,0.8892,148511646,4713260,3.17,6.43,10786101,285063502,3.78,2150083,6971433,30.84
maze4,l2_512kB,733387791,516333904,0.7040,148482710,4710889,3.17,6.42,10607644,288960735,3.67,576251,6966702,8.27
maze4,l2_1MB,733387791,466884113,0.6366,148008979,4710746,3.18,6.42,10535859,290485140,3.63,54871,6962503,0.79
maze4,l2_4MB,733387791,463543563,0.6321,148103882,4710746,3.18,6.42,10528411,290794076,3.62,12954,6962824,0.19
maze4,line_128B,733387791,465264936,0.6344,148195891,4709768,3.18,6.42,9449681,291652011,3.24,18857,5926963,0.32
brc202d,baseline,2691567775,3374882686,1.2539,523878457,13952032,2.66,5.18,68230358,993675918,6.87,16919442,40379621,41.90
brc202d,l1d_16kB,2691567775,3535229482,1.3134,540029248,13951664,2.58,5.18,98445581,994357856,9.90,16901931,58215243,29.03
brc202d,l1d_32kB,2691567775,3433426764,1.2756,530160261,13952434,2.63,5.18,79850050,991441779,8.05,16908450,47638621,35.49
brc202d,l1d_128kB,2691567775,3320522860,1.2337,516592198,13951466,2.70,5.18,58667868,988687204,5.93,16924045,35140928,48.16
brc202d,l2_256kB,2691567775,4244512424,1.5770,526392754,13953177,2.65,5.18,68502271,993232213,6.90,28118754,40390606,69.62
brc202d,l2_512kB,2691567775,3976445686,1.4774,525891282,13952730,2.65,5.18,68647532,993367033,6.91,24272554,40385859,60.10
brc202d,l2_1MB,2691567775,3684893012,1.3691,524575309,13952445,2.66,5.18,68560353,994186070,6.90,20440156,40378597,50.62
brc202d,l2_4MB,2691567775,3077226360,1.1433,523820259,13950746,2.66,5.18,68528679,994547626,6.89,13677882,40370130,33.88
brc202d,line_128B,2691567775,2985667506,1.1093,521827521,13952570,2.67,5.18,61648891,999808489,6.17,10479843,33885447,30.93
room64,baseline,2618215238,1680667266,0.6419,494837846,16269497,3.29,6.21,38197827,996145413,3.83,688987,24068720,2.86
room64,l1d_16kB,2618215238,1829948699,0.6989,515582037,16258787,3.15,6.21,69739114,994927546,7.01,690146,42282007,1.63
room64,l1d_32kB,2618215238,1728884668,0.6603,501310317,16268744,3.25,6.21,51413443,995425120,5.16,689358,31591017,2.18
room64,l1d_128kB,2618215238,1634047879,0.6241,487977388,16269022,3.33,6.21,27511318,995206706,2.76,687291,18265452,3.76
room64,l2_256kB,2618215238,2503348227,0.9561,498197493,16270234,3.27,6.21,39067818,979159455,3.99,9863719,24096991,40.93
room64,l2_512kB,2618215238,2141901213,0.8181,497637539,16270578,3.27,6.21,38656034,982490008,3.93,5723602,24090268,23.76
room64,l2_1MB,2618215238,1821394825,0.6957,496683536,16269447,3.28,6.21,38383810,991156931,3.87,2144451,24076542,8.91
room64,l2_4MB,2618215238,1649540616,0.6300,495370169,16264815,3.28,6.21,38175776,997956794,3.83,331089,24066497,1.38
room64,line_128B,2618215238,1645615636,0.6285,492166355,16262540,3.30,6.21,33742192,998193553,3.38,402037,20189569,1.99
