map,bp,insts,cycles,CPI,cond_predicted,cond_incorrect,branch_miss_rate,MPKI
maze2,TournamentBP,1379032287,1343527275,0.9743,306217156,7618144,2.49,5.52
maze2,LocalBP,1384553639,1427010238,1.0307,331405993,13474281,4.07,9.73
maze2,BiModeBP,1384553639,1359865558,0.9822,309550176,8547616,2.76,6.17
maze2,LTAGE,1384553639,1328344825,0.9594,297729858,6610723,2.22,4.77
brc202d,TournamentBP,2691567775,3374882686,1.2539,523878457,13952032,2.66,5.18
brc202d,LocalBP,2691567775,3510350853,1.3042,570663665,24596190,4.31,9.14
brc202d,BiModeBP,2691567775,3393860443,1.2609,528556272,15623447,2.96,5.80
brc202d,LTAGE,2691567775,3340304640,1.2410,499588224,11438098,2.29,4.25
room64,TournamentBP,2618215238,1680667266,0.6419,494837846,16269497,3.29,6.21
room64,LocalBP,2618215238,1824828712,0.6970,545387413,26543280,4.87,10.14
room64,BiModeBP,2618215238,1692517107,0.6464,497595238,17565958,3.53,6.71
room64,LTAGE,2618215238,1631400300,0.6231,478057705,13923419,2.91,5.32
